id,label
1726,@410labs
1727,@_mariamendoza
1728,@_southernwit
1729,@abachman
1730,@ajzaleski
1731,@alsnyder02
1732,@amakaokoronkwo
1733,@amanda9985
1734,@andrewcoy
1735,@andrewhazlett
1736,@anequitymatter
1737,@articulatebalti
1738,@asnyder02
1739,@atechsnob
1740,@averyclassyguy
1741,@ayerssaintgross
1742,@baltimorebnote
1743,@baltimorebrew
1744,@baltimorebstore
1745,@baltimoresun
1746,@baltimoreyds
1747,@baltperfkitchen
1748,@beatwellbmore
1749,@betamore
1750,@betascape
1751,@bethechange41
1752,@biotechmd
1753,@bjornmeansbear
1754,@bmecommunity
1755,@bmoreculture
1756,@bmoresara
1757,@bmoreslumwatch
1758,@brittolsenecker
1759,@brmacjr
1760,@cariperi
1761,@ccgourmet
1762,@changengine
1763,@chesapeakesun
1764,@chris_ashworth
1765,@cindyptruitt
1766,@copd63
1767,@createbaltimore
1768,@createdbysteph
1769,@creati
1770,@creativereality
1771,@cupakromer
1772,@danewald
1773,@danieldubya
1774,@datkidcarpediem
1775,@davelandymore
1776,@davetroy
1777,@davidmtaylor
1778,@denneyjason
1779,@dennisthecynic
1780,@dhfbaltimore
1781,@dirdim
1782,@dontabrams
1783,@dskinsel
1784,@eclubproject
1785,@ecogordo
1786,@edmullinsr
1787,@edmullinsr
1788,@edwelker
1789,@eliotpearson
1790,@elizabetheadie
1791,@ennoventsebot
1792,@erauh
1793,@ericakochi
1794,@eventrebels
1795,@evodiengoy
1796,@figure53
1797,@flygirlblog
1798,@gbtc
1799,@genero_city
1800,@geo_rube
1801,@givecorps
1802,@governoromalley
1803,@grababroom
1804,@hadiyaw
1805,@hagsjhu
1806,@hardebeck
1807,@hbarrin
1808,@helenglazer
1809,@hlms
1810,@hocoblogs
1811,@hoot1388
1812,@humanim
1813,@iamdtech
1814,@itsjaejin
1815,@jamesnovak
1816,@jamidodson
1817,@jedweeks
1818,@jeedgan
1819,@jessgartner
1820,@jessiex
1821,@johnhodgins
1822,@johnny_pas
1823,@johnshopkins
1824,@jonathanjulian
1825,@justbreathe_dkm
1826,@justine_fritz
1827,@k_trino
1828,@kbladow
1829,@kirstenallyssa
1830,@kktrumpbour
1831,@kristinagill
1832,@lameloy
1833,@lanakole
1834,@laurenbot3k
1835,@lesterspence
1836,@linesbetweenus
1837,@lionelbmd
1838,@localist
1839,@lrenhrda
1840,@luckygirlmedia
1841,@mairzdoatz
1842,@maryhassound
1843,@maryhassound
1844,@mayorsrb
1845,@merriamiam
1846,@mezzoihnen
1847,@mica_masd
1848,@mica_masdwhat
1849,@mikemakes
1850,@missjanine13
1851,@mobtownblues
1852,@mobtowngeorge
1853,@mobtownstudios
1854,@monochz
1855,@mp3car
1856,@nadenlean
1857,@nextcityorg
1858,@nikkijamesmedia
1859,@noordnrycherry
1860,@noordnrycherry
1861,@nrgtheory
1862,@pandora13
1863,@peter_m_jackson
1864,@pjdgallagher
1865,@prairieskygal
1866,@prattlibrary
1867,@pureamazi
1868,@rayners
1869,@rdfoxworth
1870,@realfoodfarm
1871,@redlinenow
1872,@reinventtransit
1873,@rianabarrington
1874,@robert_simmons3
1875,@rodneycburris
1876,@rsteggy
1877,@sargesalman
1878,@save4use
1879,@scot
1880,@scottburkholder
1881,@scottmessinger
1882,@sealliance
1883,@senbillferg
1884,@shaq_brooks
1885,@shaq_brooks
1886,@sharon_paley
1887,@sharon_paley
1888,@sj843
1889,@slantsixneal
1890,@smartlogic
1891,@somepoems
1892,@specialli1972
1893,@ssnsailor
1894,@stephbaltimore
1895,@studiokafi
1896,@suitsandsoot
1897,@susan_waym
1898,@swampyyyyy
1899,@techgirltweets
1900,@technicallybmr
1901,@tedxmidtlantic
1902,@tfabaltimore
1903,@the6thbranch
1904,@thegoodplan
1905,@towsonu
1906,@tracycgold
1907,@trohv
1908,@trueheart4life
1909,@tygemstones
1910,@uber
1911,@uber_baltimore
1912,@vanessul
1913,@venroyjuly
1914,@warnockfound
1915,@wellmadedesign
1916,@whatweekly
1917,@wideangleym
1918,@wraydo
1919,@yflicker
